Company Name,Company Website,Job Page / Careers URL,Reason for Inclusion,Location,Company Type,Service Focus Area,,,,,url_type,power_url,dynamics_url,wait_for,item_selector,detail_trigger_selector,detail_content_selector,next_button_selector,back_button_selector,search_selector,enter_selector
Microsoft Careers,https://microsoft.com/,https://jobs.careers.microsoft.com/global/en/search?l=en_us&pg=1&pgSz=20&o=Relevance&flt=true&ref=cms,"Microsoft is the creator of Dynamics 365 and Power Platform, with a huge number of open roles worldwide and unmatched brand reputation.","Redmond, WA, USA",Software Vendor,All Microsoft products (including Dynamics 365 and Power Platform),,,,Done,dynamic,https://jobs.careers.microsoft.com/global/en/search?q=power%20platform&l=en_us&pg=1&pgSz=20&o=Recent,https://jobs.careers.microsoft.com/global/en/search?q=dynamics%20365&l=en_us&pg=1&pgSz=20&o=Recent,"[role=""listitem""]","[role=""listitem""]","button.ms-Link:has-text(""See details"")","[data-bi-id=""job-detail""], .jobDetail, main[role=""main""]","button[aria-label=""Next""]","button[aria-label=""Back to search""]",,
Accenture,https://www.accenture.com/,https://www.accenture.com/us-en/careers/jobsearch,Global consulting and Microsoft Gold Partner with thousands of job openings in Dynamics 365 projects; very high brand recognition.,"Dublin, Ireland (Global)",Microsoft Partner (Consulting Firm),Microsoft Dynamics 365 and Power Platform services,,,,Done,static,https://www.accenture.com/us-en/careers/jobsearch?jk=power%20platform%20dynamic%20365&sb=1,,"class=""rad-filters-vertical__job-card""",,,,,,,
Nigel Frank International,https://www.nigelfrank.com/,https://www.nigelfrank.com/microsoft-jobs,"Leading recruitment firm specialized in Microsoft Dynamics 365/Power Platform roles, offering a high volume of relevant job listings and deep industry focus.","Newcastle, UK (Global)",Recruiting Firm,Microsoft Dynamics 365 and Power Platform roles,,,,Done,static,https://www.nigelfrank.com/microsoft-jobs?keyword=power+platform+&location=&segment=&product=&jobType=both,https://www.nigelfrank.com/microsoft-jobs?keyword=Dyanmic+365+&location=&segment=&product=&jobType=both,"class=""overview""",,,,,,,
Avanade,https://www.avanade.com/,https://www.avanade.com/en/career/search-jobs#sortCriteria=%40job_area_of_expertise%20ascending,Major Microsoft-focused consultancy (joint venture of Accenture and Microsoft) with extensive Dynamics 365 practices and many open positions; top-tier Microsoft partner.,"Seattle, WA, USA (Global)",Microsoft Partner (Consulting Firm),Microsoft Dynamics 365 and Power Platform services,,,,in progress,static,https://www.avanade.com/en/career/search-jobs#q=power%20platform&sortCriteria=%40job_area_of_expertise%20ascending,https://www.avanade.com/en/career/search-jobs#q=Dynamics%20356&sortCriteria=%40job_area_of_expertise%20ascending,"class=""jobCard""",,,,,,,
TEKsystems,https://teksystems.com/,https://careers.teksystems.com/us/en/search-results?keywords=,"One of the largest IT staffing firms with a broad client base and numerous open tech roles, including many related to Microsoft Dynamics and Power Platform.","Hanover, MD, USA",Recruiting Firm,Microsoft Dynamics 365 and Power Platform roles,,,,issue,,,,,,,,,,,
Deloitte (Microsoft Practice),https://www.deloitte.com/,https://apply.deloitte.com/en_US/careers/SearchJobs/?9353=%5B95157%2C95156%5D&9353_format=6067&listFilterMode=1&jobRecordsPerPage=10&sort=relevancy,Big Four consulting firm with a dedicated Microsoft practice; strong brand and significant hiring needs for Dynamics 365 talent across multiple industries.,"New York, NY, USA (Global)",Microsoft Partner (Consulting Firm),Microsoft Dynamics 365 and Power Platform services,,,,Done,static,https://apply.deloitte.com/en_US/careers/SearchJobs/power%20platform?9353=%5B95157%2C95156%5D&9353_format=6067&listFilterMode=1&jobRecordsPerPage=10&sort=relevancy,https://apply.deloitte.com/en_US/careers/SearchJobs/Dynamics%20365?9353=%5B95157%2C95156%5D&9353_format=6067&listFilterMode=1&jobRecordsPerPage=10&sort=relevancy,"class=""article--result """,,,,,,,
Cognizant (Microsoft Business Group),https://www.cognizant.com/,https://careers.cognizant.com/global-en/jobs/?keyword=&location=&lat=&lng=&cname=&ccode=&origin=global,Global IT services leader with a specialized Microsoft Business Group; well-respected brand and numerous Dynamics 365 project openings.,"Teaneck, NJ, USA (Global)",Microsoft Partner (Consulting Firm),Microsoft Dynamics 365 and Power Platform services,,,,Done,static,https://careers.cognizant.com/global-en/jobs/?keyword=power+platform&location=&radius=100&lat=&lng=&cname=&ccode=&pagesize=50#results,https://careers.cognizant.com/global-en/jobs/?keyword=dynamics+365&location=&radius=100&lat=&lng=&cname=&ccode=&pagesize=50#results,"class=""card-job-actions js-job""",,,,,,,
Capgemini,https://www.capgemini.com/,https://www.capgemini.com/careers/join-capgemini/job-search/?size=100,Global systems integrator and Microsoft partner known for large-scale implementations; high brand credibility and a substantial number of Dynamics 365 roles.,"Paris, France (Global)",Microsoft Partner (Consulting Firm),Microsoft Dynamics 365 and Power Platform services,,,,,static,https://www.capgemini.com/careers/join-capgemini/job-search/?keyword=power%20platform&size=100,https://www.capgemini.com/careers/join-capgemini/job-search/?keyword=dynamics%20365&size=100,"class=""table-tr filter-box tag-active joblink""",,,,,,,
Tata Consultancy Services (TCS),https://www.tcs.com/,https://ibegin.tcs.com/iBegin/jobs/search,Leading global IT consultancy with a significant Microsoft services portfolio; very large workforce and continuous demand for Dynamics 365 professionals.,"Mumbai, India (Global)",Microsoft Partner (Consulting Firm),Microsoft Dynamics 365 and Power Platform services,,,,,dynamic,https://ibegin.tcsapps.com/candidate/jobs/search,,"class=""row custom-row searched-job ng-scope""","class=""job-data-bar""","data-ng-click=""jobDesc(j.jobId)""","class=""job-description-content""","a:not(.disabled)[ng-show=""showExtraButtons()""]","data-key=""jobDescription.backToSearchResults""","data-ng-model=""searchString""",
Infosys,https://www.infosys.com/,https://digitalcareers.infosys.com/infosys/global-careers,"Top-tier international IT services firm and Microsoft partner, trusted brand with many ongoing projects and open roles related to Dynamics 365/Power Platform.","Bengaluru, India (Global)",Microsoft Partner (Consulting Firm),Microsoft Dynamics 365 and Power Platform services,,,,Done,static,https://digitalcareers.infosys.com/infosys/global-careers?keyword=power+plaform&per_page=100&page=1,https://digitalcareers.infosys.com/infosys/global-careers?keyword=dynamics+365&per_page=100&page=1,"class=""left-section""",,,,,,,
Tech Mahindra,https://careers.techmahindra.com/,https://careers.techmahindra.com/CurrentOpportunity.aspx#Advance,Major global IT provider and Microsoft partner with a growing Dynamics 365 practice; strong brand presence and numerous open positions in the Microsoft tech stack.,"Pune, India (Global)",Microsoft Partner (Consulting Firm),Microsoft Dynamics 365 and Power Platform services,,,,,,,,,,,,,,,
Apex Systems,https://apexsystems.com/,https://www.apexsystems.com/search-results-usa?catalogcode=USA&address=&radius=50&rows=25&query=%2A&remote=&page=1,Large U.S.-based IT staffing firm placing candidates at scale; numerous Microsoft technology roles on offer due to wide client network.,"Glen Allen, VA, USA",Recruiting Firm,Microsoft Dynamics 365 and Power Platform roles,,,,Done,static,https://www.apexsystems.com/search-results-usa?catalogcode=USA&address=&radius=50&page=1&rows=50&query=power%20platform%20&remote=,https://www.apexsystems.com/search-results-usa?catalogcode=USA&address=&radius=50&page=1&rows=50&query=dynamics%20365%20&remote=,"class=""job-td-link""",,,,,,,
Randstad Technologies,https://randstadusa.com/,https://www.randstadusa.com/jobs/,"Global staffing leader with a strong IT recruitment arm; high volume of tech job postings, including multiple Microsoft Dynamics roles.","Diemen, Netherlands (Global)",Recruiting Firm,Microsoft Dynamics 365 and Power Platform roles,,,,Done,static,https://www.randstadusa.com/jobs/q-power-platform/,https://www.randstadusa.com/jobs/q-dynamics-365/,"class=""cards__title""",,,,,,,
Robert Half Technology,https://roberthalf.com/technology,https://www.roberthalf.com/us/en/jobs,"Highly reputable tech recruiting firm (division of Robert Half) with nationwide reach and many open IT positions, including Dynamics 365 opportunities.","Menlo Park, CA, USA",Recruiting Firm,Microsoft Dynamics 365 and Power Platform roles,,,,in progress,static,https://www.roberthalf.com/us/en/jobs/all/power-platform,https://www.roberthalf.com/us/en/jobs/all/dynamics-365,"class=""rhcl-job-card__inner-container""",,,,,,,
Akkodis (Modis),https://akkodis.com/,"US: https://www.akkodis.com/en-us/careers/job-results
UK: https://www.akkodis.com/en-gb/careers/job-results?q=
CANADA: https://www.akkodis.com/en-ca/careers/job-results?q=","Large international tech staffing firm (Adecco Group) with extensive client base; many open IT jobs, including Microsoft Dynamics and cloud roles.","Zurich, Switzerland (Global)",Recruiting Firm,Microsoft Dynamics 365 and Power Platform roles,,,,Done,,https://www.akkodis.com/en-ca/careers/job-results?q=power%20platform,https://www.akkodis.com/en-ca/careers/job-results?q=dynamics%20365,"class=""JobSearchResults_filter-results-job-position__w2qDq""",,,,,,,
HCLTech (PowerObjects),https://www.hcltech.com/careers,https://www.hcltech.com/careers/opportunities,HCLâ€™s dedicated Microsoft Business Applications unit (PowerObjects) is a top Dynamics 365 specialist; strong industry reputation and lots of job openings in the field.,"Noida, India (Global)",Microsoft Partner (Consulting Firm),Microsoft Dynamics 365 and Power Platform services,,,,Done,no_job,,,,,,,,,,
Hitachi Solutions,https://global.hitachi-solutions.com/,https://careers.smartrecruiters.com/HitachiSolutions/,Well-known Microsoft Dynamics systems integrator (part of Hitachi) with a focus on Business Applications; regularly hiring for numerous Dynamics 365 specialist roles.,"Tokyo, Japan (Global)",Microsoft Partner (Consulting Firm),Microsoft Dynamics 365 and Power Platform services,,,,Done,static,https://careers.smartrecruiters.com/HitachiSolutions/?search=power%20platform,https://careers.smartrecruiters.com/HitachiSolutions/?search=dynamics%20365,"class=""list--dotted title-list""",,,,,,,
Insight Global,https://insightglobal.com/,"Dynamics: https://insightglobal.com/jobs/find_a_job/?srch=Dynamics&rd=Distance&remote=false
D365: https://insightglobal.com/jobs/find_a_job/?srch=D365&rd=Distance&remote=false
PowerBI: https://insightglobal.com/jobs/find_a_job/?srch=power%20BI&rd=Distance&remote=false
Power Platform: https://insightglobal.com/jobs/find_a_job/?srch=power%20platform&rd=Distance&remote=false
Power Apps: https://insightglobal.com/jobs/find_a_job/?srch=power%20apps&rd=Distance&remote=false","Major IT staffing company with broad reach across industries; constantly posts a high volume of tech jobs, including positions for Microsoft Dynamics professionals.","Atlanta, GA, USA",Recruiting Firm,Microsoft Dynamics 365 and Power Platform roles,,,,in progress,issue,,,,,,,,,,
Experis (ManpowerGroup),https://experis.com/,https://www.experis.com/en/search?page=1,Global IT professional resourcing firm with many clients; offers a large number of tech job listings and frequently seeks candidates with Dynamics 365/Power Platform skills.,"Milwaukee, WI, USA",Recruiting Firm,Microsoft Dynamics 365 and Power Platform roles,,,sta,,static,https://www.experis.com/en/search?page=1&searchKeyword=power+platform&sortOrder=Relevance&sf=sortOrder&ids={sortOrder:[d345ff2072b1444daf5d15d7a57ba3fe]},https://www.experis.com/en/search?page=1&searchKeyword=dynamics+365&sortOrder=Relevance&sf=sortOrder&ids=={sortOrder:[d345ff2072b1444daf5d15d7a57ba3fe]},"class=""job-actionbar""",,,,,,,
CGI Inc.,https://www.cgi.com/,https://cgi.njoyn.com/corp/xweb/xweb.asp?CLID=21001&page=joblisting&lang=1,Large multinational IT and business consulting firm (Microsoft partner) with strong presence in North America; robust pipeline of projects and ongoing hiring for Dynamics 365 talent.,"Montreal, Canada (Global)",Microsoft Partner (Consulting Firm),Microsoft Dynamics 365 and Power Platform services,,,,Done,semi_dynamic,https://cgi.njoyn.com/corp/xweb/xweb.asp?NTKN=c&clid=21001&Page=joblisting,,tr,tr,,"class=""job-desc""",,,"id=""Inp_Keywords""","id=""joblistingsearchbutton"""
Slalom Consulting,https://www.slalom.com/,Job Openings | Slalom,Fast-growing consulting firm and Microsoft partner specializing in cloud solutions; high brand regard and actively recruiting for Dynamics 365/Power Platform roles in multiple U.S. cities.,"Seattle, WA, USA",Microsoft Partner (Consulting Firm),Microsoft Dynamics 365 and Power Platform services,,,,Done,static,https://jobs.slalom.com/#/?keywords=power%20platform%20,https://jobs.slalom.com/#/?keywords=dynamics%20356%20,,,,,,,,
Booz Allen Hamilton,https://www.boozallen.com/,https://careers.boozallen.com/jobs/search?_gl=1*1ihsgp1*_gcl_au*MTcxNjQxNjE3OS4xNzQ3ODg1ODI4,Leading government-focused consulting firm with Microsoft expertise; strong brand and many openings (especially in U.S. public sector) for Dynamics 365 and Power Platform professionals.,"McLean, VA, USA",Microsoft Partner (Consulting Firm),Microsoft Dynamics 365 and Power Platform services,,,,Done,static,https://careers.boozallen.com/jobs/search/power%20platform?listFilterMode=1&jobRecordsPerPage=20&,https://careers.boozallen.com/jobs/search/dynamics%20356?listFilterMode=1&jobRecordsPerPage=20&,"class=""table--default""",,,,,,,
KPMG LLP,https://www.kpmg.us/,https://www.kpmguscareers.com/job-search/?career-level=&career-level-parents=Experienced&practice-areas-parents=Innovation%20%26%20Technology%7C&practice-areas=&spage=1,Big Four professional services firm and Microsoft partner; reputable brand and dedicated Dynamics 365 team generating steady demand for skilled practitioners.,"Amstelveen, Netherlands (Global)",Microsoft Partner (Consulting Firm),Microsoft Dynamics 365 and Power Platform services,,,,in progress,static,https://www.kpmguscareers.com/job-search/?career-level=&career-level-parents=Experienced&practice-areas-parents=Innovation%20%26%20Technology%7C&practice-areas=&keyword=power%20platform&location=&radius=50&spage=1,https://www.kpmguscareers.com/job-search/?career-level=&career-level-parents=Experienced&practice-areas-parents=Innovation%20%26%20Technology%7C&practice-areas=&keyword=Dyanmic%20365&location=&radius=50&spage=1,"class=""list-view d-flex justify-content-between""",,,,,,,
PwC (PricewaterhouseCoopers),https://www.pwc.com/,"https://jobs.us.pwc.com/search-jobs?acm=ALL&alrpm=ALL&ascf=[%7B%22key%22:%22custom_fields.JobSeekerType%22,%22value%22:%22Experienced%22%7D]",Big Four consultancy with an established Microsoft alliance; significant brand prestige and hiring needs for Dynamics 365 experts to support digital transformation projects.,"London, UK (Global)",Microsoft Partner (Consulting Firm),Microsoft Dynamics 365 and Power Platform services,,,,Done,static,"https://jobs.us.pwc.com/search-jobs?acm=ALL&alrpm=ALL&ascf=[%7B%22key%22:%22custom_fields.JobSeekerType%22,%22value%22:%22Experienced%22%7D]",,,,,,,,,
DXC Technology,https://www.dxc.com/,https://careers.dxc.com/global/en/search-results,Global IT services company and Microsoft partner (inherited large Dynamics practice); well-known brand often hiring multiple Dynamics 365 consultants and developers.,"Ashburn, VA, USA",Microsoft Partner (Consulting Firm),Microsoft Dynamics 365 and Power Platform services,,,,,static,https://careers.dxc.com/global/en/search-results?keywords=power%20platform,https://careers.dxc.com/global/en/search-results?keywords=dynamics%20365,"class=""information""",,,,,,,
NTT Data,https://us.nttdata.com/,https://nttdata.eightfold.ai/careers,"Global technology services provider and Microsoft partner with a broad client base; numerous ongoing projects require Dynamics 365 talent, leading to many open roles.","Tokyo, Japan (Global)",Microsoft Partner (Consulting Firm),Microsoft Dynamics 365 and Power Platform services,,,,,static,https://nttdata.eightfold.ai/careers?query=power+platform&start=0&pid=563327924072039&sort_by=solr,https://nttdata.eightfold.ai/careers?query=dynamcis+365&start=0&pid=563327924072039&sort_by=solr,"data-test-id=""job-listing""",,,,,,,
EPAM Systems,https://www.epam.com/,https://www.epam.com/careers/job-listings,Large global software engineering firm (Microsoft partner) with enterprise clients; growing demand for Microsoft Business Applications skills and plenty of job opportunities.,"Newtown, PA, USA (Global)",Microsoft Partner (Consulting Firm),Microsoft Dynamics 365 and Power Platform services,,,,,static,https://www.epam.com/careers/job-listings?recruitingUrl=%2Fcontent%2Fepam%2Fen%2Fcareers%2Fjob-listings%2Fjob&query=power+platform+&country=all&sort=relevance&searchType=placeOfWorkFilter,https://www.epam.com/careers/job-listings?recruitingUrl=%2Fcontent%2Fepam%2Fen%2Fcareers%2Fjob-listings%2Fjob&query=dynamics+365+&country=all&sort=relevance&searchType=placeOfWorkFilter,"class=""search-result__item-info-group""",,,,,,,
Zensar Technologies,https://www.zensar.com/,https://fa-etvl-saasfaprod1.fa.ocs.oraclecloud.com/hcmUI/CandidateExperience/en/sites/CX_1/jobs?keyword=power+platform&mode=location&sortBy=POSTING_DATES_ASC,Established international IT services company and Microsoft partner; recognized brand that regularly seeks Dynamics 365 consultants to support its enterprise projects.,"Pune, India (Global)",Microsoft Partner (Consulting Firm),Microsoft Dynamics 365 and Power Platform services,,,,,dynamic ,https://fa-etvl-saasfaprod1.fa.ocs.oraclecloud.com/hcmUI/CandidateExperience/en/sites/CX_1/jobs?keyword=power+platform&mode=location&sortBy=POSTING_DATES_ASC,,"class=""job-grid-item__body""","class=""job-grid-item__body""","class=""job-grid-item__link""","class=""cc-column__content""",,"id=""dialogCloseButton""",,
Kelly Technology,https://www.kellyservices.us/,https://www.mykelly.com/job-search/,Division of Kelly Services specializing in tech staffing; longstanding reputation and a wide range of IT job postings including Microsoft Dynamics-related positions.,"Troy, MI, USA",Recruiting Firm,Microsoft Dynamics 365 and Power Platform roles,,,,,issue,,,,,,,,,,
RSM US LLP,https://rsmus.com/,https://rsm.wd1.myworkdayjobs.com/en-US/RSMCareers,Leading mid-market accounting and consulting firm and top Microsoft Dynamics partner; highly reputable in Dynamics 365 (especially ERP) and consistently hiring specialists.,"Chicago, IL, USA",Microsoft Partner (Consulting Firm),Microsoft Dynamics 365 and Power Platform services,,,,Done,static,https://rsm.wd1.myworkdayjobs.com/en-US/RSMCareers?q=power%20platform,https://rsm.wd1.myworkdayjobs.com/en-US/RSMCareers?q=dynamics%20365,"class=""css-1q2dra3""",,,,,,,
HSO,https://www.hso.com/,https://www.hso.com/careers/vacancies/,Global Microsoft Gold Partner focusing on Dynamics 365 solutions; strong niche reputation (especially in ERP) and an ongoing need for skilled Dynamics professionals.,"Amsterdam, Netherlands (Global)",Microsoft Partner (Consulting Firm),Microsoft Dynamics 365 and Power Platform services,,,,Done,static,https://www.hso.com/careers/vacancies/?searchTerm=power+platform,https://www.hso.com/careers/vacancies/?searchTerm=dynamics+365,"class=""card card--text""",,,,,,,
Argano (Arbela),https://argano.com/,https://fa-eyau-saasfaprod1.fa.ocs.oraclecloud.com/hcmUI/CandidateExperience/en/sites/CX_1/jobs,"Prominent Microsoft partner (Arbela, now part of Argano) with a focus on Dynamics 365 implementations; respected in the industry and actively expanding its teams.","Dallas, TX, USA",Microsoft Partner (Consulting Firm),Microsoft Dynamics 365 and Power Platform services,,,,Done,static,https://fa-eyau-saasfaprod1.fa.ocs.oraclecloud.com/hcmUI/CandidateExperience/en/sites/CX_1/jobs?keyword=power+platform&mode=location,https://fa-eyau-saasfaprod1.fa.ocs.oraclecloud.com/hcmUI/CandidateExperience/en/sites/CX_1/jobs?keyword=dynamics+365&mode=location,"class=""job-list-item__link""",,,,,,,
Quisitive,https://quisitive.com/,"https://quisitive.com/careers/careers-north-america/
https://quisitive.com/careers/careers-india/",Notable Microsoft-focused services firm (with Azure and Dynamics specialization); growing rapidly in North America and recruiting Dynamics 365/Power Platform experts to support its projects.,"Toronto, Canada",Microsoft Partner (Consulting Firm),Microsoft Dynamics 365 and Power Platform services,,,,issue,static,https://quisitive.com/careers/careers-north-america/,https://quisitive.com/careers/careers-north-america/,"class=""job-posts""",,,,,,,
Crowe LLP,https://www.crowe.com/,https://careers.crowe.com/search-results,Mid-market accounting and consulting firm and Microsoft Gold Partner (noted for Dynamics 365 finance solutions); solid reputation in specific industries and steady hiring needs for Dynamics talent.,"Chicago, IL, USA",Microsoft Partner (Consulting Firm),Microsoft Dynamics 365 and Power Platform services,,,,in progress,static,https://careers.crowe.com/search-results?keywords=power%20platform,,"class=""job-title""",,,,,,,
Perficient,https://www.perficient.com/,https://fa-etqd-saasfaprod1.fa.ocs.oraclecloud.com/hcmUI/CandidateExperience/en/sites/CX_1/jobs,Major U.S. digital consultancy and Microsoft partner with a broad client portfolio; well-known in tech circles and frequently hiring for Dynamics 365 and Power Platform roles.,"St. Louis, MO, USA",Microsoft Partner (Consulting Firm),Microsoft Dynamics 365 and Power Platform services,,,,,static,https://fa-etqd-saasfaprod1.fa.ocs.oraclecloud.com/hcmUI/CandidateExperience/en/sites/CX_1/jobs?keyword=power+platform&mode=location,https://fa-etqd-saasfaprod1.fa.ocs.oraclecloud.com/hcmUI/CandidateExperience/en/sites/CX_1/jobs?keyword=dynamics+365&mode=location,"class=""job-list-item__link""",,,,,,,
Velosio,https://velosio.com/,https://careers.velosio.com/jobs,Leading Microsoft Dynamics partner for the SMB market in North America; well-regarded (former MS Presidents Club member) with continuous openings as it serves many clients.,"Columbus, OH, USA",Microsoft Partner (Consulting Firm),Microsoft Dynamics 365 and Power Platform services,,,,,static,https://careers.velosio.com/jobs?keywords=power%20platform%20&sortBy=relevance&page=1&limit=100,https://careers.velosio.com/jobs?keywords=dynamics%20365%20&sortBy=relevance&page=1&limit=100,"class=""description-container""",,,,,,,
Sikich LLP,https://www.sikich.com/,https://jobs.jobvite.com/sikichcareers,U.S. professional services firm and prominent Microsoft partner for ERP/CRM; strong mid-market brand that regularly seeks Dynamics 365 talent for its growing consulting practices.,"Chicago, IL, USA",Microsoft Partner (Consulting Firm),Microsoft Dynamics 365 and Power Platform services,,,,,static,https://jobs.jobvite.com/sikichcareers/search?q=power%20platform&l=&c=,,"class=""jv-job-list-name""",,,,,,,
AlfaPeople,https://alfapeople.com/,https://alfapeople.com/careers/,International Microsoft Dynamics partner with presence across Americas and Europe; recognized for CRM expertise and typically advertising multiple Dynamics 365 positions.,"Copenhagen, Denmark (Global)",Microsoft Partner (Consulting Firm),Microsoft Dynamics 365 and Power Platform services,,,,,no_job,,,,,,,,,,
Alithya,https://www.alithya.com/,https://www.alithya.com/en/careers,North American digital strategy and Microsoft Dynamics specialist (Canada-based); expanding presence with numerous open jobs for Dynamics 365 consultants and developers.,"Montreal, Canada",Microsoft Partner (Consulting Firm),Microsoft Dynamics 365 and Power Platform services,,,,Done,ip,https://www.alithya.com/en/careers,,,,,,,,,
Insight Enterprises,https://www.insight.com/,https://careers.insight.com/careers,Fortune 500 IT solutions provider and Microsoft partner (noted as a large reseller); significant brand with a broad services division that often recruits for Power Platform and Dynamics roles.,"Tempe, AZ, USA",Microsoft Partner (Consulting Firm),Microsoft Dynamics 365 and Power Platform services,,,,,dynamic,https://careers.insight.com/careers,,"role=""link""","role=""link""","role=""link""","class=""position-full-card""",,"class=""col-xs-5 ""","id=""main-search-box""","class=""go-button"""
K2 Partnering Solutions,https://k2partnering.com/,https://k2partnering.com/talent/jobs/,Global IT staffing and consulting company specialized in enterprise software (including Dynamics 365); strong network in the Microsoft ecosystem and handles many high-skill placements.,"London, UK (Global)",Recruiting Firm,Microsoft Dynamics 365 and Power Platform roles,,,,,static,https://k2partnering.com/talent/jobs/,,,,,,,,,
Focus Cloud (Cognitive Group),https://focuscloudgroup.org/,https://www.focuscloudgroup.org/job-search/,Specialist staffing group focusing exclusively on Microsoft business applications (formerly Cognitive Group); deep market focus ensures a high volume of Dynamics 365/Power Platform job listings.,"London, UK",Recruiting Firm,Microsoft Dynamics 365 and Power Platform roles,,,,,static,https://www.focuscloudgroup.org/job-search/?keyword=power+platform,,"class=""results-header""",,,,,,,
Next Ventures,https://www.next-ventures.com/,https://next-ventures.us/jobs/,"Global tech recruitment firm with a Microsoft Dynamics practice; consistently handles numerous Dynamics 365 roles for clients, leveraging a strong international candidate network.","London, UK",Recruiting Firm,Microsoft Dynamics 365 and Power Platform roles,,,,,static,https://next-ventures.us/jobs/?matador_s=power+platform,,"class=""job_listings""",,,,,,,
Hays Technology,https://www.hays.com/,"https://www.hays.com/job-search/in-united-states-us?q=&location=United%20States,%20US&specialismId=&subSpecialismId=&locationf=&industryf=&sortType=0&jobType=-1&flexiWorkType=-1&payTypefacet=-1&minPay=-1&maxPay=-1&jobSource=HaysGCJ&searchPageTitle=Jobs%20in%20United%20States,%20US%20%7C%20Hays%20Recruitment%20US&searchPageDesc=Browse%20all%20our%20jobs%20in%20United%20States,%20US%20across%20a%20range%20of%20professions.%20Let%20the%20team%20at%20Hays%20Recruitment%20US%20help%20you%20to%20find%20your%20next%20role!","Division of Hays plc, a top global recruiting firm; vast reach and many IT job openings, including frequent opportunities for Microsoft Dynamics and Power Platform specialists.","London, UK (Global)",Recruiting Firm,Microsoft Dynamics 365 and Power Platform roles,,,,,static,"https://www.hays.com/job-search/power-platf-jobs-in-united-states-us?q=Power%20Platf&location=United%20States,%20US&specialismId=&subSpecialismId=&locationf=&industryf=&sortType=0&jobType=-1&flexiWorkType=-1&payTypefacet=-1&minPay=-1&maxPay=-1&jobSource=HaysGCJ&searchPageTitle=Power%20Platf%20Jobs%20in%20United%20States,%20US%20%7C%20Hays%20Recruitment%20US&searchPageDesc=Looking%20for%20a%20new%20Power%20Platf%20job%20in%20United%20States,%20US%3F%20Browse%20our%20latest%20Power%20Platf%20jobs%20and%20apply%20with%20Hays!",,,,,,,,,
Addison Group (Tech),https://addisongroup.com/,https://www.addisongroup.com/jobs/l/recruiting/jobsearchaction/19e62b1f-e3e6-11eb-be56-42010a8a0031/8b589444-39b4-11f0-8e87-0242683a33f9/false?locations=&term=&postalCode=,"U.S.-based staffing firm (Tech division) known for mid-to-senior level placements; broad client base results in ongoing demand for Microsoft-focused professionals, though career page requires direct search.","Chicago, IL, USA",Recruiting Firm,Microsoft Dynamics 365 and Power Platform roles,,,,,static,https://www.addisongroup.com/jobs/l/recruiting/jobsearchaction/19e62b1f-e3e6-11eb-be56-42010a8a0031/8b589444-39b4-11f0-8e87-0242683a33f9/false?locations=&term=power+platform&postalCode=,,"class=""list-group-item""",,,,,,,
Motion Recruitment,https://motionrecruitment.com/,https://motionrecruitment.com/tech-jobs?start=0,"Well-established IT recruitment firm in North America (formerly Jobspring/SearchPros); numerous tech openings at any time, including roles for Microsoft stack developers and analysts.","Boston, MA, USA",Recruiting Firm,Microsoft Dynamics 365 and Power Platform roles,,,,,static,https://motionrecruitment.com/tech-jobs?keywords=power+platform,,"class=""JobItem_module_jobItem""",,,,,,,
Collabera,https://collabera.com/,https://collabera.com/job-search/?sort_by=&industry=&keyword=&location=&Posteddays=0,"Large IT staffing company with Fortune 500 clients; significant volume of job postings across technologies, including Microsoft Dynamics developers and consultants.","Basking Ridge, NJ, USA",Recruiting Firm,Microsoft Dynamics 365 and Power Platform roles,,,,,static,https://collabera.com/job-search/?sort_by=&industry=&keyword=power+platform+&location=&Posteddays=0,,"class=""card-body""",,,,,,,
DISYS,https://disys.com/,https://dexian.com/jobs/,Global staffing and managed services firm; places many IT professionals and often recruits for Microsoft Dynamics roles across different industries.,"McLean, VA, USA",Recruiting Firm,Microsoft Dynamics 365 and Power Platform roles,,,,,no_job,,,,,,,,,,
Lucas Group (Tech),https://lucasgroup.com/,https://kornferry.tal.net/vx/lang-en-GB/mobile-0/appcentre-ext/brand-4/xf-9ddf4301e915/candidate/jobboard/vacancy/3/adv/,U.S. executive search and contract staffing firm (now part of Korn Ferry) with a technology practice; strong network and periodically filling Microsoft Dynamics positions for clients.,"Atlanta, GA, USA",Recruiting Firm,Microsoft Dynamics 365 and Power Platform roles,,,,in progress,no_job,,,,,,,,,,
Michael Page,https://michaelpage.com/,https://www.michaelpage.com/jobs/information-technology?page-index=1,"International recruitment agency with a technology division; well-known brand with numerous listings, occasionally including Microsoft Dynamics and related tech roles.","London, UK (Global)",Recruiting Firm,Microsoft Dynamics 365 and Power Platform roles,,,,,no_job,,,,,,,,,,
Computer Futures (SThree),https://computerfutures.com/,https://www.computerfutures.com/en-gb/find-a-job/?searchRadius=100mi&country=United+Kingdom%2CAustria%2CBelgium%2CFrance%2CGermany%2CIreland%2CJapan%2CNetherlands%2CUnited+States,Tech recruiting specialist (part of SThree) operating internationally; handles a high volume of software roles and periodically features Microsoft Dynamics positions due to large client reach.,"London, UK (Global)",Recruiting Firm,Microsoft Dynamics 365 and Power Platform roles,,,,,static,https://www.computerfutures.com/en-gb/find-a-job/?searchRadius=100mi&country=Austria%2CBelgium%2CGermany%2CJapan%2CNetherlands%2CUnited+Kingdom%2CUnited+States&keywords=power+platform,,"class=""job-search""",,,,,,,
Talent International,https://us.talentinternational.com/,https://www.talentinternational.com/search-jobs/,Global IT recruitment firm (originating from APAC) with expanding U.S. presence; works on many digital roles and likely to carry some Dynamics 365 contract openings.,"Sydney, Australia (Global)",Recruiting Firm,Microsoft Dynamics 365 and Power Platform roles,,,,not started,block,,,,,,,,,,
Pearson Carter,https://pearsoncarter.com/,https://www.pearsoncarter.com/jobs/,"Specialized Microsoft Dynamics recruitment agency (UK-based) known in the Dynamics community; regularly advertises a variety of Dynamics 365 roles (developers, consultants, etc.).","Newcastle, UK",Recruiting Firm,Microsoft Dynamics 365 and Power Platform roles,,,,,static,https://www.pearsoncarter.com/jobs/?search_keywords=power+platform&search_location=&search_radius=&radius_type=miles&filter_job_type%5B%5D=contract&filter_job_type%5B%5D=contractor&filter_job_type%5B%5D=full-time&filter_job_type%5B%5D=on-a-daily-basis&filter_job_type%5B%5D=permanent&filter_job_type%5B%5D=placement&filter_job_type%5B%5D=temporary&filter_job_type%5B%5D=#s=1,,"class=""listing-title""",,,,,,,
Conspicuous,https://conspicuous.com/,https://conspicuous.com/jobs/,"Long-standing recruitment firm dedicated to Microsoft Dynamics jobs; well-connected in the Dynamics market, consistently posting roles for Dynamics 365 across the UK and North America.","London, UK",Recruiting Firm,Microsoft Dynamics 365 and Power Platform roles,,,,,static,,,,,,,,,,
Catch Resource Management,https://catchgroup.com/,https://www.catchgroup.com/opportunities/,"Specialist ERP/Dynamics recruitment agency in the UK; highly focused on Microsoft Dynamics talent sourcing, making it a valuable source of niche job openings.","Reading, UK",Recruiting Firm,Microsoft Dynamics 365 and Power Platform roles,,,,,,,,,,,,,,,
Prodapta (Ellis Group),https://prodapta.com/,https://www.prodapta.com/search-jobs/,"Dynamics 365-focused recruitment firm (part of Ellis Group) with deep specialization; often handles senior and hard-to-find Microsoft Dynamics talent searches, reflecting valuable opportunities.","London, UK",Recruiting Firm,Microsoft Dynamics 365 and Power Platform roles,,,,,static,https://www.prodapta.com/search-jobs/?fwp_keyword=power%20platform,,"class=""job-item""",,,,,,,
Investigo,https://investigo.co.uk/,https://www.investigo.co.uk/jobs?source=google.com,"UK-based recruitment consultancy with a strong technology division; while not Dynamics-exclusive, its enterprise client base results in some high-profile Microsoft Dynamics roles.","London, UK",Recruiting Firm,Microsoft Dynamics 365 and Power Platform roles,,,,,static,https://www.investigo.co.uk/jobs?sort_type=relevance&query=power+platform&selected_locations=&submit=Search&source=google.com,https://www.investigo.co.uk/jobs?sort_type=relevance&query=dynamic+365&selected_locations=&submit=Search&source=google.com,"class=""job-result-item""",,,,,,,
Noir Consulting,https://noirconsulting.co.uk/,https://www.noirconsulting.co.uk/job-search/,"IT recruitment firm specializing in .NET and Microsoft stack developers; not exclusively Dynamics but Microsoft-focused, contributing a pool of .NET and Dynamics job openings.","London, UK",Recruiting Firm,Microsoft Dynamics 365 and Power Platform roles,,,,,semi_dynamic ,,,"class=""job_listings col-lg-8""","class=""job_listings col-lg-8""",,,,,"id=""search_keywords""","type=""submit"""
Hire With Jarvis,https://hirewithjarvis.com/,https://hirewithjarvis.com/jobs/,U.S. recruiting firm devoted to Microsoft Business Applications (Dynamics 365/Power Platform); community-recognized niche player actively filling numerous specialist roles.,"Greenville, SC, USA",Recruiting Firm,Microsoft Dynamics 365 and Power Platform roles,,,,,semi_dynamic ,,,"class=""job_listings""","class=""job_listings""",sdf-link,"class=""job-description-data""",a,"id=""recruitment_jobDescription_back""","id=""search_keywords""","input[value=""Search Jobs""]"
Hirewell,https://hirewell.com/,https://hirewell.com/jobs,"Recruiting firm with broad IT placement capabilities; has a dedicated practice for tech roles and frequently works on positions for Microsoft platform professionals (Dynamics, Azure, etc.).","Chicago, IL, USA",Recruiting Firm,Microsoft Dynamics 365 and Power Platform roles,,,,,no_job,https://hirewell.com/jobs?filter=true&s=power%20platform,,,,,,,,,
Mondo,https://mondo.com/,https://mondo.com/jobs/l/recruiting/jobsearchaction/c8336608-98ca-11ec-8029-42010a8a0008/d76c7451-39b8-11f0-8e87-0242683a33f9/false?term=&postalCode=,"Nationwide digital and tech talent agency; known for staffing in IT and digital marketing, including occasional Microsoft Dynamics and Power Platform positions via its client network.","New York, NY, USA",Recruiting Firm,Microsoft Dynamics 365 and Power Platform roles,,,,,static,https://mondo.com/jobs/l/recruiting/jobsearchaction/c8336608-98ca-11ec-8029-42010a8a0008/d76c7451-39b8-11f0-8e87-0242683a33f9/false?term=power+platform&postalCode=,,"class=""list-group-item""",,,,,,,
Applied Information Sciences (AIS),https://www.ais.com/,https://www.ais.com/careers/,Renowned Microsoft-centric consulting firm (Azure and Business Applications); high credibility in the MS community and regularly hiring Dynamics 365/Power Platform experts for its projects.,"Reston, VA, USA",Microsoft Partner (Consulting Firm),Microsoft Dynamics 365 and Power Platform services,,,,,dynamic ,,,,,,,a,,,
Affirma Consulting,https://www.affirma.com/,https://www.affirma.com/work-with-affirma/#current-job-openings,Mid-sized Microsoft partner consulting firm (Seattle-based) with strong client portfolio; good industry reputation and ongoing need for Dynamics 365 and SharePoint/Power Platform consultants.,"Bellevue, WA, USA",Microsoft Partner (Consulting Firm),Microsoft Dynamics 365 and Power Platform services,,,,,one_off,,,,,,,,,,
ArcherPoint,https://archerpoint.com/,https://recruitingbypaycor.com/career/CareerHome.action?clientId=8a7883c68584007b0185acbf82441925,Leading Microsoft Dynamics 365 Business Central/NAV partner in the U.S.; well-known in the ERP space and frequently seeking functional and technical experts to support its projects.,"Atlanta, GA, USA",Microsoft Partner (Consulting Firm),Microsoft Dynamics 365 and Power Platform services,,,,,no_job,,,,,,,,,,
"Emtec, Inc.",https://www.emtecinc.com/,https://careers-bridgenext.icims.com/jobs/search?ss=1&hashed=-435827062,"Established IT consulting company and Microsoft partner; works on enterprise implementations (including Dynamics 365), hence hiring experienced Microsoft consultants and developers regularly.","Jacksonville, FL, USA",Microsoft Partner (Consulting Firm),Microsoft Dynamics 365 and Power Platform services,,,,,no_job,,,,,,,,,,
Columbus Global (U.S.),https://www.columbusglobal.com/,https://careers.columbusglobal.com/jobs,"International Dynamics 365 consultancy (Danish origin) with U.S. operations; focuses on manufacturing and distribution, with continuous demand for Dynamics 365 talent in those domains.","Minneapolis, MN, USA",Microsoft Partner (Consulting Firm),Microsoft Dynamics 365 and Power Platform services,,,,,static,https://careers.columbusglobal.com/jobs?split_view=true&query=power+platform,,"id=""jobs_list_container""",,,,,,,
MCA Connect,https://mcaconnect.com/,https://jobs.lever.co/mcaconnect,"U.S.-based Microsoft Dynamics partner specializing in manufacturing solutions; strong industry niche presence, necessitating skilled Dynamics 365 professionals to staff numerous client projects.","Denver, CO, USA",Microsoft Partner (Consulting Firm),Microsoft Dynamics 365 and Power Platform services,,,,,static,https://jobs.lever.co/mcaconnect,,"class=""posting-categories""",,,,,,,
Eide Bailly LLP,https://www.eidebailly.com/,https://careers.eidebailly.com/jobs?_gl=1*kdg89h*_gcl_au*NDIxNzEyMzk3LjE3NDgyMjUxMTM.,Top accounting and advisory firm with a thriving Dynamics 365 practice; respected mid-market brand often looking for functional and technical Dynamics consultants to serve its clients.,"Fargo, ND, USA",Microsoft Partner (Consulting Firm),Microsoft Dynamics 365 and Power Platform services,,,,,static,https://careers.eidebailly.com/jobs?_gl=1*kdg89h*_gcl_au*NDIxNzEyMzk3LjE3NDgyMjUxMTM.&keywords=power%20platform&sortBy=relevance&page=1,,"class=""mat-accordion cards""",,,,,,,
Grant Thornton,https://www.grantthornton.com/,https://ehzq.fa.us2.oraclecloud.com/hcmUI/CandidateExperience/en/sites/CX_1/jobs,"Global accounting and consulting firm (member network) with Microsoft advisory services; notable brand that, despite no dedicated careers page listed, likely has various Dynamics 365 roles open.","Chicago, IL, USA",Microsoft Partner (Consulting Firm),Microsoft Dynamics 365 and Power Platform services,,,,,no_job,,,,,,,,,,
Wipfli (Technology Consulting),https://www.wipfli.com/,https://careers.wipfli.com/all-openings?size=n_10_n,National CPA and consulting firm with a growing Dynamics 365 practice (via prior partner acquisition); well-regarded in mid-market and consistently recruiting for Dynamics ERP/CRM consultants.,"Milwaukee, WI, USA",Microsoft Partner (Consulting Firm),Microsoft Dynamics 365 and Power Platform services,,,,,static,https://careers.wipfli.com/all-openings?q=power%20plaform&size=n_20_n,,"class=""sui-results-container""",,,,,,,
Synoptek,https://synoptek.com/,https://careers.synoptek.com/jobs,Managed IT services and consulting provider (Microsoft partner); engages in many Dynamics 365 projects (especially CRM) and actively hires for those implementations.,"Irvine, CA, USA",Microsoft Partner (Consulting Firm),Microsoft Dynamics 365 and Power Platform services,,,,,no_job,,,,,,,,,,
Sunrise Technologies,https://sunrise.co/,https://workforcenow.adp.com/mascsr/default/mdf/recruitment/recruitment.html?cid=7994a2e9-6b8e-4b25-8f4a-11bc8210150a&ccId=19000101_000001&type=MP&lang=en_US&selectedMenuKey=CurrentOpenings,"Boutique Microsoft Dynamics partner specializing in retail and supply chain; known for D365 Finance & SCM expertise, with steady hiring for these niche roles due to project demand.","Winston-Salem, NC, USA",Microsoft Partner (Consulting Firm),Microsoft Dynamics 365 and Power Platform services,,,,,dynamic,,,"class=""current-openings-item""","class=""current-openings-item""",,,,,"id=""input""","aria-label=""Search"""
Western Computer,https://westerncomputer.com/,https://careers.westerncomputer.com/jobs,Long-time Microsoft Dynamics partner focusing on Dynamics 365 Business Central/NAV; serves many SMB clients and often needs experienced ERP consultants and developers.,"Oxnard, CA, USA",Microsoft Partner (Consulting Firm),Microsoft Dynamics 365 and Power Platform services,,,,,static,https://careers.westerncomputer.com/jobs?query=power+platform,,"id=""jobs_list_container""",,,,,,,
Innovia Consulting,https://innovia.com/,https://secure6.saashr.com/ta/6190699.careers?CareersSearch=&__hstc=158332645.66bf288a4257699ce9cca88a568d390c.1748227095281.1748227095281.1748227095281.1&__hssc=158332645.3.1748227095281&__hsfp=1623487770&hsCtaTracking=4f6de0e0-af69-45fe-bc9d-2eb11008b8fd%7C670f9bd3-3c7c-437e-a0ab-0f997edafb98&lang=en-US,Specialist Microsoft Dynamics 365 Business Central partner in the U.S.; strong reputation in NAV/BC community and regularly hiring functional consultants and developers in that space.,"Onalaska, WI, USA",Microsoft Partner (Consulting Firm),Microsoft Dynamics 365 and Power Platform services,,,,,no_job,,,,,,,,,,
Rand Group,https://www.randgroup.com/,https://careers-randgroup.icims.com/jobs/search?ss=1,U.S. Microsoft partner concentrating on Dynamics 365 (ERP & CRM) for energy and manufacturing sectors; regional leader with consistent openings for Dynamics analysts and developers.,"Houston, TX, USA",Microsoft Partner (Consulting Firm),Microsoft Dynamics 365 and Power Platform services,,,,,static,https://careers-randgroup.icims.com/jobs/search?ss=1&searchKeyword=dynamics+365,https://careers-randgroup.icims.com/jobs/search?ss=1&searchKeyword=dynamics+365,"class=""container-fluid iCIMS_JobsTable""",,,,,,,
SingleStone Consulting,https://singlestoneconsulting.com/,https://recruiting.paylocity.com/recruiting/jobs/All/8f2dcce3-2e60-4dc0-ac44-6d8b569e4c80/SS-Career-page,"U.S. digital consulting firm and Microsoft partner; handles various cloud and CRM projects, making it a source of Power Platform/Dynamics roles despite its modest size.","Richmond, VA, USA",Microsoft Partner (Consulting Firm),Microsoft Dynamics 365 and Power Platform services,,,,,no_job,,,,,,,,,,
Arctic IT,https://arcticit.com/,https://arcticit.com/join-our-team/,"Microsoft Gold Partner specializing in government and tribal sector solutions; niche focus with Dynamics 365 and Power Platform, maintaining a targeted hiring of experts in those areas.","Anchorage, AK, USA",Microsoft Partner (Consulting Firm),Microsoft Dynamics 365 and Power Platform services,,,,,block,,,,,,,,,,
Revolution Group,https://www.revolutiongroup.com/,https://www.revolutiongroup.com/about-us/join-us/,Ohio-based Microsoft partner for CRM and ERP (Dynamics 365 and Salesforce); regional reputation and periodic openings for Dynamics 365 consultants in its industry focus areas.,"Westerville, OH, USA",Microsoft Partner (Consulting Firm),Microsoft Dynamics 365 and Power Platform services,,,,,static,https://www.revolutiongroup.com/about-us/join-us/,,"id=""whr_embed_hook""",,,,,,,
sa.global,https://saglobal.com/,https://sa-global.breezy.hr/,International Microsoft Dynamics 365 partner (specialist in professional services automation); recognized in the MS ecosystem and continually hiring skilled Dynamics 365 consultants worldwide.,"London, UK",Microsoft Partner (Consulting Firm),Microsoft Dynamics 365 and Power Platform services,,,,,static,https://sa-global.breezy.hr/,,"class=""position transition""",,,,,,,
TTEC Digital (Avtex),https://www.ttec.com/,https://jobs.lever.co/ttecdigital,"Customer experience solutions firm (Avtex, acquired by TTEC) focusing on Microsoft Dynamics 365 and Power Platform for contact centers; strong niche presence and actively expanding its technical delivery team.","Englewood, CO, USA",Microsoft Partner (Consulting Firm),Microsoft Dynamics 365 and Power Platform services,,,,,static,https://jobs.lever.co/ttecdigital,,https://jobs.lever.co/ttecdigital,,,,,,,
DyNexus Group (DynamicsFocus),https://dynexusgroup.com/,https://www.dynexusgroup.com/job-dashboard/,"U.S.-based recruitment firm specializing in Microsoft Dynamics and ERP talent (formerly DynamicsFocus); a go-to for Dynamics contract and permanent roles, reflecting many opportunities in the ecosystem.","Spokane, WA, USA",Recruiting Firm,Microsoft Dynamics 365 and Power Platform roles,,,,,one_off,,,,,,,,,,
The Squires Group,https://squiresgroup.com/,https://jobs.squiresgroup.com/index.smpl?arg=jb_search_results,Boutique IT staffing firm focusing on ERP and IT consulting roles (Mid-Atlantic U.S.); occasionally handles Microsoft Dynamics contract positions in federal and commercial sectors.,"Annapolis, MD, USA",Recruiting Firm,Microsoft Dynamics 365 and Power Platform roles,,,,,dynamic ,https://jobs.squiresgroup.com/index.smpl?arg=jb_search,,"class=""job-post-title""","class=""job-post-title""","class=""job-post-href""","id=""job-details-column""",,"a:has-text(""Back to results"")","id=""keywords""","id=""submit"""
KTL Solutions,https://ktlsolutions.com/,https://www.ktlsolutions.com/company/careers/open-positions/,"Microsoft Gold Partner offering Dynamics 365 and Power Platform services (U.S. East Coast); smaller firm but focused on the Microsoft stack, with any open roles being directly relevant to the MVP.","Frederick, MD, USA",Microsoft Partner (Consulting Firm),Microsoft Dynamics 365 and Power Platform services,,,one_off,,one_off,https://www.ktlsolutions.com/company/careers/open-positions/,,,,,,,,,
eLogic,https://elogic.com/,https://www.avanade.com/en-us/career/search-jobs#sortCriteria=%40job_area_of_expertise%20ascending,U.S. consulting firm specializing in manufacturing solutions on Microsoft Dynamics 365; well-regarded in that niche and hires experienced Dynamics 365 professionals to drive its industry-focused projects.,"Rochester, NY, USA",Microsoft Partner (Consulting Firm),Microsoft Dynamics 365 and Power Platform services,,,,,,,,,,,,,,,
Encore,https://www.encorebusiness.com/,https://www.encorebusiness.com/company/careers/,,,,,,,,,static,https://www.encorebusiness.com/company/careers/,,"class=""careers-no-bullets""",,,,,,,
BDO,https://www.bdo.com/,https://ebqb.fa.us2.oraclecloud.com/hcmUI/CandidateExperience/en/sites/CX_1/jobs,,,,,,,,,static,https://ebqb.fa.us2.oraclecloud.com/hcmUI/CandidateExperience/en/sites/CX_1/jobs?keyword=power+platform&mode=location,,"class=""job-list-item__link""",,,,,,,
UST,https://www.ust.com/,https://usource.ripplehire.com/candidate/?token=xHQWoFn4C242POo7xMpH&source=CAREERSITE#list,,,,,,,,,static,https://usource.ripplehire.com/candidate/?token=xHQWoFn4C242POo7xMpH&source=CAREERSITE#list/search=power%20platform,,"class=""list-job-box""",,,,,,,
Software One,https://www.softwareone.com/en-us,https://careers.softwareone.com/en/jobs,,,,,,,,,,,,,,,,,,,
Digitall Nature Bulgaria EOOD,https://digitall.com/,https://digitall.com/careers/apply,,,,,,,,,static,https://digitall.com/careers/apply,,"role=""listitem""",,,,,,,
Creospark,https://creospark.com/,https://creospark.com/careers/#positions,,,,,,,,,static,https://creospark.com/careers/#positions,,"class=""panel-heading""",,,,,,,
Long View Systems,https://www.longviewsystems.com/,https://www.longviewsystems.com/jobs/,,,,,,,,,dynamic,https://www.longviewsystems.com/jobs/,,,,,,,,,
Hexaware,https://hexaware.com/,https://jobs.hexaware.com/#en/sites/CX_1/jobs,,,,,,,,,static,https://jobs.hexaware.com/#en/sites/CX_1/jobs?keyword=power+platform&mode=location&sortBy=POSTING_DATES_DESC,,"class=""job-list-item__link""",,,,,,,
Wipro,https://www.wipro.com/,https://careers.wipro.com/search,,,,,,,,,static,https://careers.wipro.com/search?q=&q2=&alertId=&locationsearch=&title=power+platform&location=&date=,,"class=""data-row""",,,,,,,
BirlaSoft,https://www.birlasoft.com/,https://jobs.birlasoft.com/search/?createNewAlert=false&q=&optionsFacetsDD_country=&optionsFacetsDD_department=,,,,,,,,,static,https://jobs.birlasoft.com/search/?createNewAlert=false&q=power+platform&optionsFacetsDD_country=&optionsFacetsDD_department=,,"id=""searchresults""",,,,,,,
Noventiq,https://noventiq.com/,https://noventiq.darwinbox.com/ms/candidate/careers%20/careers,,,,,,,,,dynamic,,,,,,,,,,
Improving,https://www.improving.com/,https://www.improving.com/careers/open-positions/,,,,,,,,in progress,static,https://www.improving.com/careers/open-positions/?search=power+platform,,"class=""MuiDataGrid-main css-opb0c2""",,,,,,,
TwoDay,https://www.twoday.com/,https://www.twoday.com/careers/open-positions,,,,,,,,issue,static,https://www.twoday.com/careers/open-positions,,"class=""tw-w-full tw-relative""",,,,,,,
Tietoevry,https://www.tietoevry.com/,https://www.tietoevry.com/en/careers/search-our-jobs/,,,,,,,,in progress,satic,https://careers.tietoevry.com/jobs?q=microsoft%20dynamics&options=&page=1,https://careers.tietoevry.com/jobs?q=power%20platform&options=&page=1,"class=""attrax-list-widget__lists""",,,,,,,
Definity First,https://www.definityfirst.com/,https://definityfirst.applytojob.com/apply/,,,,,,,,issue,no_job,,,,,,,,,,
Planet Technologies,https://go-planet.com/,https://go-planet.com/careers/,,,,,,,,in progress,static,https://go-planet.com/?s=microsoft+dynamics,https://go-planet.com/?s=power+platform,"class=""et_pb_post""",,,,,,,
Kainos,https://www.kainos.com/,https://careers.kainos.com/gb/en/search-results,,,,,,,,in progress,static,https://careers.kainos.com/gb/en/search-results?keywords=power%20platform,,"role=""listitem""",,,,,,,